[
  {
    "name": "Tablet1",
    "type": "toggle",
    "loop": true,
    "img": "images/tablet1.png",
    "codes": "tablet1"
  },
  {
    "name": "Tablet2",
    "type": "toggle",
    "loop": true,
    "img": "images/tablet2.png",
    "codes": "tablet2"
  },
  {
    "name": "Tablet3",
    "type": "toggle",
    "loop": true,
    "img": "images/tablet3.png",
    "codes": "tablet3"
  },
  {
    "name": "Tablet4",
    "type": "toggle",
    "loop": true,
    "img": "images/tablet4.png",
    "codes": "tablet4"
  },
  {
    "name": "PyramidPage",
    "type": "toggle",
    "loop": true,
    "img": "images/pyramidpage.png",
    "codes": "pyramidpage"
  },
  {
    "name": "ShrinePage",
    "type": "toggle",
    "loop": true,
    "img": "images/shrinepage.png",
    "codes": "shrinepage"
  },
  {
    "name": "TrenchPage",
    "type": "toggle",
    "loop": true,
    "img": "images/trenchpage.png",
    "codes": "trenchpage"
  },
  {
    "name": "FallsPage",
    "type": "toggle",
    "loop": true,
    "img": "images/fallspage.png",
    "codes": "fallspage"
  },
  {
    "name": "WalseKey",
    "type": "toggle",
    "loop": true,
    "img": "images/walsekey.png",
    "codes": "walsekey"
  },
  {
    "name": "SteamshipKey",
    "type": "toggle",
    "loop": true,
    "img": "images/steamshipkey.png",
    "codes": "steamshipkey"
  },
  {
    "name": "SubKey",
    "type": "toggle",
    "loop": true,
    "img": "images/subkey.png",
    "codes": "subkey"
  },
  {
    "name": "BridgeKey",
    "type": "toggle",
    "loop": true,
    "img": "images/bridgekey.png",
    "codes": "bridgekey"
  },
  {
    "name": "Adamantite",
    "type": "toggle",
    "loop": true,
    "img": "images/adamantite.png",
    "codes": "adamantite"
  },
  {
    "name": "Branch",
    "type": "toggle",
    "loop": true,
    "img": "images/branch.png",
    "codes": "branch"
  },
  {
    "name": "Hiryuu",
    "type": "toggle",
    "loop": true,
    "img": "images/hiryuu.png",
    "codes": "hiryuu"
  },
  {
    "name": "Antibarrier",
    "type": "toggle",
    "loop": true,
    "img": "images/antibarrier.png",
    "codes": "antibarrier"
  },
  {
    "name": "Bracelet",
    "type": "toggle",
    "loop": true,
    "img": "images/bracelet.png",
    "codes": "bracelet"
  },
  {
    "name": "Antibrace",
    "type": "composite_toggle",
    "codes": "antibrace",
    "item_left": "antibarrier",
    "item_right": "bracelet",
    "images": [
       {
	"left": false,
	"right": false,
	"img": "images/antibrace.png",
	"img_mods": "@disabled"
       },
       {
	"left": true,
	"right": false,
	"img": "images/anticombo.png",
       },
       {
	"left": false,
	"right": true,
	"img": "images/bracecombo.png",
       },
       {
	"left": true,
	"right": true,
	"img": "images/antibrace.png",
       }
     ]
  },
  {
    "name": "Fire",
    "type": "toggle",
    "loop": true,
    "img": "images/fire.png",
    "codes": "fire"
  },
  {
    "name": "Moogle",
    "type": "toggle",
    "loop": true,
    "img": "images/moogle.png",
    "codes": "moogle"
  },
  {
    "name": "Bait",
    "type": "toggle",
    "loop": true,
    "img": "images/bait.png",
    "codes": "bait"
  },
  {
    "name": "Radar",
    "type": "toggle",
    "loop": true,
    "img": "images/radar.png",
    "codes": "radar"
  },
  {
    "name": "Wingraptor",
    "type": "toggle",
    "loop": true,
    "img": "images/wingraptor.png",
    "codes": "wingraptor"
  },
  {
    "name": "Wingraptor Checked",
    "type": "toggle_badged",
    "base_item": "wingraptor",
    "img": "images/check.png",
    "codes": "wingraptorx"
  },
  {
    "name": "Karlabos",
    "type": "toggle",
    "loop": true,
    "img": "images/karlabos.png",
    "codes": "karlabos"
  },
  {
    "name": "Karlabos Checked",
    "type": "toggle_badged",
    "base_item": "karlabos",
    "img": "images/check.png",
    "codes": "karlabosx"
  },
  {
    "name": "Siren",
    "type": "toggle",
    "loop": true,
    "img": "images/siren.png",
    "codes": "siren"
  },
  {
    "name": "Siren Checked",
    "type": "toggle_badged",
    "base_item": "siren",
    "img": "images/check.png",
    "codes": "sirenx"
  },
  {
    "name": "Magisa",
    "type": "toggle",
    "loop": true,
    "img": "images/magisa.png",
    "codes": "magisa"
  },
  {
    "name": "Magisa Checked",
    "type": "toggle_badged",
    "base_item": "magisa",
    "img": "images/check.png",
    "codes": "magisax"
  },
  {
    "name": "Galura",
    "type": "toggle",
    "loop": true,
    "img": "images/galura.png",
    "codes": "galura"
  },
  {
    "name": "Galura Checked",
    "type": "toggle_badged",
    "base_item": "galura",
    "img": "images/check.png",
    "codes": "galurax"
  },
  {
    "name": "Liquidflame",
    "type": "toggle",
    "loop": true,
    "img": "images/liquidflame.png",
    "codes": "liquidflame"
  },
  {
    "name": "Liquidflame Checked",
    "type": "toggle_badged",
    "base_item": "liquidflame",
    "img": "images/check.png",
    "codes": "liquidflamex"
  },
  {
    "name": "Ironclaw",
    "type": "toggle",
    "loop": true,
    "img": "images/ironclaw.png",
    "codes": "ironclaw"
  },
  {
    "name": "Ironclaw Checked",
    "type": "toggle_badged",
    "base_item": "ironclaw",
    "img": "images/check.png",
    "codes": "ironclawx"
  },
  {
    "name": "Sandworm",
    "type": "toggle",
    "loop": true,
    "img": "images/sandworm.png",
    "codes": "sandworm"
  },
  {
    "name": "Sandworm Checked",
    "type": "toggle_badged",
    "base_item": "sandworm",
    "img": "images/check.png",
    "codes": "sandwormx"
  },
  {
    "name": "Adamant",
    "type": "toggle",
    "loop": true,
    "img": "images/adamant.png",
    "codes": "adamant"
  },
  {
    "name": "Adamant Checked",
    "type": "toggle_badged",
    "base_item": "adamant",
    "img": "images/check.png",
    "codes": "adamantx"
  },
  {
    "name": "Shiva",
    "type": "toggle",
    "loop": true,
    "img": "images/shiva.png",
    "codes": "shiva"
  },
  {
    "name": "Shiva Checked",
    "type": "toggle_badged",
    "base_item": "shiva",
    "img": "images/check.png",
    "codes": "shivax"
  },
  {
    "name": "Byblos",
    "type": "toggle",
    "loop": true,
    "img": "images/byblos.png",
    "codes": "byblos"
  },
  {
    "name": "Byblos Checked",
    "type": "toggle_badged",
    "base_item": "byblos",
    "img": "images/check.png",
    "codes": "byblosx"
  },
  {
    "name": "SolCannon",
    "type": "toggle",
    "loop": true,
    "img": "images/solcannon.png",
    "codes": "solcannon"
  },
  {
    "name": "SolCannon Checked",
    "type": "toggle_badged",
    "base_item": "solcannon",
    "img": "images/check.png",
    "codes": "solcannonx"
  },
  {
    "name": "ArchaeAvis",
    "type": "toggle",
    "loop": true,
    "img": "images/archaeavis.png",
    "codes": "archaeavis"
  },
  {
    "name": "ArchaeAvis Checked",
    "type": "toggle_badged",
    "base_item": "archaeavis",
    "img": "images/check.png",
    "codes": "archaeavisx"
  },
  {
    "name": "Ifrit",
    "type": "toggle",
    "loop": true,
    "img": "images/ifrit.png",
    "codes": "ifrit"
  },
  {
    "name": "Ifrit Checked",
    "type": "toggle_badged",
    "base_item": "ifrit",
    "img": "images/check.png",
    "codes": "ifritx"
  },
  {
    "name": "CrayClaw",
    "type": "toggle",
    "loop": true,
    "img": "images/crayclaw.png",
    "codes": "crayclaw"
  },
  {
    "name": "CrayClaw Checked",
    "type": "toggle_badged",
    "base_item": "crayclaw",
    "img": "images/check.png",
    "codes": "crayclawx"
  },
  {
    "name": "Chimbrain",
    "type": "toggle",
    "loop": true,
    "img": "images/chimbrain.png",
    "codes": "chimbrain"
  },
  {
    "name": "Chimbrain Checked",
    "type": "toggle_badged",
    "base_item": "chimbrain",
    "img": "images/check.png",
    "codes": "chimbrainx"
  },
  {
    "name": "Titan",
    "type": "toggle",
    "loop": true,
    "img": "images/titan.png",
    "codes": "titan"
  },
  {
    "name": "Titan Checked",
    "type": "toggle_badged",
    "base_item": "titan",
    "img": "images/check.png",
    "codes": "titanx"
  },
  {
    "name": "Puroboros",
    "type": "toggle",
    "loop": true,
    "img": "images/puroboros.png",
    "codes": "puroboros"
  },
  {
    "name": "Puroboros Checked",
    "type": "toggle_badged",
    "base_item": "puroboros",
    "img": "images/check.png",
    "codes": "puroborosx"
  },
  {
    "name": "Gilga1",
    "type": "toggle",
    "loop": true,
    "img": "images/gilga1.png",
    "codes": "gilga1"
  },
  {
    "name": "Gilga1 Checked",
    "type": "toggle_badged",
    "base_item": "gilga1",
    "img": "images/check.png",
    "codes": "gilga1x"
  },
  {
    "name": "Gilga2",
    "type": "toggle",
    "loop": true,
    "img": "images/gilga2.png",
    "codes": "gilga2"
  },
  {
    "name": "Gilga2 Checked",
    "type": "toggle_badged",
    "base_item": "gilga2",
    "img": "images/check.png",
    "codes": "gilga2x"
  },
  {
    "name": "Gilga3",
    "type": "toggle",
    "loop": true,
    "img": "images/gilga3.png",
    "codes": "gilga3"
  },
  {
    "name": "Gilga3 Checked",
    "type": "toggle_badged",
    "base_item": "gilga3",
    "img": "images/check.png",
    "codes": "gilga3x"
  },
  {
    "name": "Gilga4",
    "type": "toggle",
    "loop": true,
    "img": "images/gilga4.png",
    "codes": "gilga4"
  },
  {
    "name": "Gilga4 Checked",
    "type": "toggle_badged",
    "base_item": "gilga4",
    "img": "images/check.png",
    "codes": "gilga4x"
  },
  {
    "name": "Tyrasaurus",
    "type": "toggle",
    "loop": true,
    "img": "images/tyrasaurus.png",
    "codes": "tyrasaurus"
  },
  {
    "name": "Tyrasaurus Checked",
    "type": "toggle_badged",
    "base_item": "tyrasaurus",
    "img": "images/check.png",
    "codes": "tyrasaurusx"
  },
  {
    "name": "Antlion",
    "type": "toggle",
    "loop": true,
    "img": "images/antlion.png",
    "codes": "antlion"
  },
  {
    "name": "Antlion Checked",
    "type": "toggle_badged",
    "base_item": "antlion",
    "img": "images/check.png",
    "codes": "antlionx"
  },
  {
    "name": "Gogo",
    "type": "toggle",
    "loop": true,
    "img": "images/gogo.png",
    "codes": "gogo"
  },
  {
    "name": "Gogo Checked",
    "type": "toggle_badged",
    "base_item": "gogo",
    "img": "images/check.png",
    "codes": "gogox"
  },
  {
    "name": "Abductor",
    "type": "toggle",
    "loop": true,
    "img": "images/abductor.png",
    "codes": "abductor"
  },
  {
    "name": "Abductor Checked",
    "type": "toggle_badged",
    "base_item": "abductor",
    "img": "images/check.png",
    "codes": "abductorx"
  },
  {
    "name": "HiryuuPlant",
    "type": "toggle",
    "loop": true,
    "img": "images/hiryuuplant.png",
    "codes": "hiryuuplant"
  },
  {
    "name": "HiryuuPlant Checked",
    "type": "toggle_badged",
    "base_item": "hiryuuplant",
    "img": "images/check.png",
    "codes": "hiryuuplantx"
  },
  {
    "name": "Atomos",
    "type": "toggle",
    "loop": true,
    "img": "images/atomos.png",
    "codes": "atomos"
  },
  {
    "name": "Atomos Checked",
    "type": "toggle_badged",
    "base_item": "atomos",
    "img": "images/check.png",
    "codes": "atomosx"
  },
  {
    "name": "Carbunkle",
    "type": "toggle",
    "loop": true,
    "img": "images/carbunkle.png",
    "codes": "carbunkle"
  },
  {
    "name": "Carbunkle Checked",
    "type": "toggle_badged",
    "base_item": "carbunkle",
    "img": "images/check.png",
    "codes": "carbunklex"
  },
  {
    "name": "Guardian",
    "type": "toggle",
    "loop": true,
    "img": "images/guardian.png",
    "codes": "guardian"
  },
  {
    "name": "Guardian Checked",
    "type": "toggle_badged",
    "base_item": "guardian",
    "img": "images/check.png",
    "codes": "guardianx"
  },
  {
    "name": "Merugene",
    "type": "toggle",
    "loop": true,
    "img": "images/merugene.png",
    "codes": "merugene"
  },
  {
    "name": "Merugene Checked",
    "type": "toggle_badged",
    "base_item": "merugene",
    "img": "images/check.png",
    "codes": "merugenex"
  },
  {
    "name": "Minotaurus",
    "type": "toggle",
    "loop": true,
    "img": "images/minotaurus.png",
    "codes": "minotaurus"
  },
  {
    "name": "Minotaurus Checked",
    "type": "toggle_badged",
    "base_item": "minotaurus",
    "img": "images/check.png",
    "codes": "minotaurusx"
  },
  {
    "name": "Omniscient",
    "type": "toggle",
    "loop": true,
    "img": "images/omniscient.png",
    "codes": "omniscient"
  },
  {
    "name": "Omniscient Checked",
    "type": "toggle_badged",
    "base_item": "omniscient",
    "img": "images/check.png",
    "codes": "omniscientx"
  },
  {
    "name": "Leviathan",
    "type": "toggle",
    "loop": true,
    "img": "images/leviathan.png",
    "codes": "leviathan"
  },
  {
    "name": "Leviathan Checked",
    "type": "toggle_badged",
    "base_item": "leviathan",
    "img": "images/check.png",
    "codes": "leviathanx"
  },
  {
    "name": "Stalker",
    "type": "toggle",
    "loop": true,
    "img": "images/stalker.png",
    "codes": "stalker"
  },
  {
    "name": "Stalker Checked",
    "type": "toggle_badged",
    "base_item": "stalker",
    "img": "images/check.png",
    "codes": "stalkerx"
  },
  {
    "name": "Odin",
    "type": "toggle",
    "loop": true,
    "img": "images/odin.png",
    "codes": "odin"
  },
  {
    "name": "Odin Checked",
    "type": "toggle_badged",
    "base_item": "odin",
    "img": "images/check.png",
    "codes": "odinx"
  },
  {
    "name": "Triton",
    "type": "toggle",
    "loop": true,
    "img": "images/triton.png",
    "codes": "triton"
  },
  {
    "name": "Triton Checked",
    "type": "toggle_badged",
    "base_item": "triton",
    "img": "images/check.png",
    "codes": "tritonx"
  },
  {
    "name": "Bahamut",
    "type": "toggle",
    "loop": true,
    "img": "images/bahamut.png",
    "codes": "bahamut"
  },
  {
    "name": "Bahamut Checked",
    "type": "toggle_badged",
    "base_item": "bahamut",
    "img": "images/check.png",
    "codes": "bahamutx"
  },
  {
    "name": "Ramuh",
    "type": "toggle",
    "loop": true,
    "img": "images/ramuh.png",
    "codes": "ramuh"
  },
  {
    "name": "Ramuh Checked",
    "type": "toggle_badged",
    "base_item": "ramuh",
    "img": "images/check.png",
    "codes": "ramuhx"
  },
  {
    "name": "Golem",
    "type": "toggle",
    "loop": true,
    "img": "images/golem.png",
    "codes": "golem"
  },
  {
    "name": "Golem Checked",
    "type": "toggle_badged",
    "base_item": "golem",
    "img": "images/check.png",
    "codes": "golemx"
  },
  {
    "name": "Shoat",
    "type": "toggle",
    "loop": true,
    "img": "images/shoat.png",
    "codes": "shoat"
  },
  {
    "name": "Shoat Checked",
    "type": "toggle_badged",
    "base_item": "shoat",
    "img": "images/check.png",
    "codes": "shoatx"
  },
  {
    "name": "Gargoyle",
    "type": "toggle",
    "loop": true,
    "img": "images/gargoyle.png",
    "codes": "gargoyle"
  },
  {
    "name": "Gargoyle Checked",
    "type": "toggle_badged",
    "base_item": "gargoyle",
    "img": "images/check.png",
    "codes": "gargoylex"
  },
  {
    "name": "Calofisteri",
    "type": "toggle",
    "loop": true,
    "img": "images/calofisteri.png",
    "codes": "calofisteri"
  },
  {
    "name": "Calofisteri Checked",
    "type": "toggle_badged",
    "base_item": "calofisteri",
    "img": "images/check.png",
    "codes": "calofisterix"
  },
  {
    "name": "Apanda",
    "type": "toggle",
    "loop": true,
    "img": "images/apanda.png",
    "codes": "apanda"
  },
  {
    "name": "Apanda Checked",
    "type": "toggle_badged",
    "base_item": "apanda",
    "img": "images/check.png",
    "codes": "apandax"
  },
  {
    "name": "Apocalypse",
    "type": "toggle",
    "loop": true,
    "img": "images/apocalypse.png",
    "codes": "apocalypse"
  },
  {
    "name": "Apocalypse Checked",
    "type": "toggle_badged",
    "base_item": "apocalypse",
    "img": "images/check.png",
    "codes": "apocalypsex"
  },
  {
    "name": "Catastroph",
    "type": "toggle",
    "loop": true,
    "img": "images/catastroph.png",
    "codes": "catastroph"
  },
  {
    "name": "Catastroph Checked",
    "type": "toggle_badged",
    "base_item": "catastroph",
    "img": "images/check.png",
    "codes": "catastrophx"
  },
  {
    "name": "Halicarnaso",
    "type": "toggle",
    "loop": true,
    "img": "images/halicarnaso.png",
    "codes": "halicarnaso"
  },
  {
    "name": "Halicarnaso Checked",
    "type": "toggle_badged",
    "base_item": "halicarnaso",
    "img": "images/check.png",
    "codes": "halicarnasox"
  },
  {
    "name": "Twintania",
    "type": "toggle",
    "loop": true,
    "img": "images/twintania.png",
    "codes": "twintania"
  },
  {
    "name": "Twintania Checked",
    "type": "toggle_badged",
    "base_item": "twintania",
    "img": "images/check.png",
    "codes": "twintaniax"
  },
  {
    "name": "Necrophobia",
    "type": "toggle",
    "loop": true,
    "img": "images/necrophobe.png",
    "codes": "necrophobe"
  },
  {
    "name": "Necrophobia Checked",
    "type": "toggle_badged",
    "base_item": "necrophobe",
    "img": "images/check.png",
    "codes": "necrophobex"
  },
  {
    "name": "Ability",
    "type": "progressive",
    "allow_disabled": false,
    "stages": [
      {
	"img": "images/ability.png",
	"codes": "ability"
      }
    ]
  },
  {
    "name": "Crystal",
    "type": "progressive",
    "allow_disabled": false,
    "stages": [
      {
	"img": "images/crystal.png",
	"codes": "crystal"
      }
    ]
  },
  {
    "name": "Weapon",
    "type": "progressive",
    "allow_disabled": false,
    "stages": [
      {
	"img": "images/weapon.png",
	"codes": "weapon"
      }
    ]
  },
  {
    "name": "Armor",
    "type": "progressive",
    "allow_disabled": false,
    "stages": [
      {
	"img": "images/armor.png",
	"codes": "armor"
      }
    ]
  },
  {
    "name": "Relic",
    "type": "progressive",
    "allow_disabled": false,
    "stages": [
      {
	"img": "images/relic.png",
	"codes": "relic"
      }
    ]
  },
  {
    "name": "Consumable",
    "type": "progressive",
    "allow_disabled": false,
    "stages": [
      {
	"img": "images/consumable.png",
	"codes": "consumable"
      }
    ]
  },
  {
    "name": "White",
    "type": "progressive",
    "allow_disabled": false,
    "stages": [
      {
	"img": "images/white.png",
	"codes": "white"
      }
    ]
  },
  {
    "name": "Black",
    "type": "progressive",
    "allow_disabled": false,
    "stages": [
      {
	"img": "images/black.png",
	"codes": "black"
      }
    ]
  },
 {
    "name": "Time",
    "type": "progressive",
    "allow_disabled": false,
    "stages": [
      {
	"img": "images/time.png",
	"codes": "time"
      }
    ]
  },
  {
    "name": "Ability",
    "type": "progressive",
    "allow_disabled": false,
    "stages": [
      {
	"img": "images/ability.png",
	"codes": "ability"
      }
    ]
  },
  {
    "name": "Guido",
    "type": "toggle",
    "loop": true,
    "img": "images/guido.png",
     "codes": "guido"
  },
  {
    "name": "Chancellor",
    "type": "toggle",
    "loop": true,
    "img": "images/chancellor.png",
    "codes": "chancellor"
  },
  {
    "name": "Zokk",
    "type": "toggle",
    "loop": true,
    "img": "images/zokk.png",
    "codes": "zokk"
  },
  {
    "name": "Karnak Scholar",
    "type": "toggle",
    "loop": true,
    "img": "images/karnakscholar.png",
    "codes": "karnakscholar"
  },
  {
    "name": "Walse Scholar",
    "type": "toggle",
    "loop": true,
    "img": "images/walsescholar.png",
    "codes": "walsescholar"
  },
  {
    "name": "Woman",
    "type": "toggle",
    "loop": true,
    "img": "images/woman.png",
    "codes": "woman"
  },
  {
    "name": "Kelgar",
    "type": "toggle",
    "loop": true,
    "img": "images/kelgar.png",
    "codes": "kelgar"
  },
  {
    "name": "Bal Wizard",
    "type": "toggle",
    "loop": true,
    "img": "images/balwizard.png",
    "codes": "balwizard"
  },
  {
    "name": "Mua Wizard",
    "type": "toggle",
    "loop": true,
    "img": "images/muawizard.png",
    "codes": "muawizard"
  },
  {
    "name": "Rugor Wizard",
    "type": "toggle",
    "loop": true,
    "img": "images/rugorwizard.png",
    "codes": "rugorwizard"
  },
  {
    "name": "Mirage Hints (2)",
    "type": "progressive",
    "stages": [
      {
	"img": "images/mirage1.png",
	"codes": "mirage1"
      },
      {
	"img": "images/mirage2.png",
	"codes": "mirage2"
      }
    ]
  },
  {
    "name": "Dwarf Hints (3)",
    "type": "progressive",
    "stages": [
      {
	"img": "images/dwarf1.png",
	"codes": "dwarf1"
      },
      {
	"img": "images/dwarf2.png",
	"codes": "dwarf2"
      },
      {
	"img": "images/dwarf3.png",
	"codes": "dwarf3"
      }
    ]
  },
  {
    "name": "ExDeath",
    "type": "toggle",
    "loop": true,
    "img": "images/exdeath.png",
    "codes": "exdeath"
  },
  {
    "name": "World 2 Status",
    "type": "progressive",
    "allow_disabled": false,
    "stages": [
      {
	"img": "images/w2lock.png",
	"codes": "w2lock"
      },
      {
	"img": "images/w2open.png",
	"codes": "w2open"
      }
    ]
  },
  {
    "name": "World 3 Status",
    "type": "progressive",
    "allow_disabled": false,
    "stages": [
      {
	"img": "images/w3lock.png",
	"codes": "w3lock"
      },
      {
	"img": "images/w3open.png",
	"codes": "w3open"
      }
    ]
  },
  {
    "name": "Istory Items",
    "type": "progressive",
    "allow_disabled": false,
    "stages": [
      {
	"img": "images/chest2.png",
	"codes": "istorychest2"
      },
      {
	"img": "images/chest1.png",
	"codes": "istorychest1"
      },
      {
	"img": "images/chest0.png",
	"codes": "istorychest0"
      }
    ]
  },
  {
    "name": "Castle Walse Items",
    "type": "progressive",
    "allow_disabled": false,
    "stages": [
      {
	"img": "images/chest7.png",
	"codes": "castlewalsechest7"
      },
      {
	"img": "images/chest6.png",
	"codes": "castlewalsechest6"
      },
      {
	"img": "images/chest5.png",
	"codes": "castlewalsechest5"
      },
      {
	"img": "images/chest4.png",
	"codes": "castlewalsechest4"
      },
      {
	"img": "images/chest3.png",
	"codes": "castlewalsechest3"
      },
      {
	"img": "images/chest2.png",
	"codes": "castlewalsechest2"
      },
      {
	"img": "images/chest1.png",
	"codes": "castlewalsechest1"
      },
      {
	"img": "images/chest0.png",
	"codes": "castlewalsechest0"
      }
    ]
  },
  {
    "name": "Pirate Cave Items",
    "type": "progressive",
    "allow_disabled": false,
    "stages": [
      {
	"img": "images/chest6.png",
	"codes": "piratecavechest6"
      },
      {
	"img": "images/chest5.png",
	"codes": "piratecavechest5"
      },
      {
	"img": "images/chest4.png",
	"codes": "piratecavechest4"
      },
      {
	"img": "images/chest3.png",
	"codes": "piratecavechest3"
      },
      {
	"img": "images/chest2.png",
	"codes": "piratecavechest2"
      },
      {
	"img": "images/chest1.png",
	"codes": "piratecavechest1"
      },
      {
	"img": "images/chest0.png",
	"codes": "piratecavechest0"
      }
    ]
  },
  {
    "name": "Tule Items",
    "type": "progressive",
    "allow_disabled": false,
    "stages": [
      {
	"img": "images/chest11.png",
	"codes": "tulechest11"
      },
      {
	"img": "images/chest10.png",
	"codes": "tulechest10"
      },
      {
	"img": "images/chest9.png",
	"codes": "tulechest9"
      },
      {
	"img": "images/chest8.png",
	"codes": "tulechest8"
      },
      {
	"img": "images/chest7.png",
	"codes": "tulechest7"
      },
      {
	"img": "images/chest6.png",
	"codes": "tulechest6"
      },
      {
	"img": "images/chest5.png",
	"codes": "tulechest5"
      },
      {
	"img": "images/chest4.png",
	"codes": "tulechest4"
      },
      {
	"img": "images/chest3.png",
	"codes": "tulechest3"
      },
      {
	"img": "images/chest2.png",
	"codes": "tulechest2"
      },
      {
	"img": "images/chest1.png",
	"codes": "tulechest1"
      },
      {
	"img": "images/chest0.png",
	"codes": "tulechest0"
      }
    ]
  },
  {
    "name": "Walse Item",
    "type": "progressive",
    "allow_disabled": false,
    "stages": [
      {
	"img": "images/chest1.png",
	"codes": "walsechest1"
      },
      {
	"img": "images/chest0.png",
	"codes": "walsechest0"
      }
    ]
  },
  {
    "name": "Crescent Item",
    "type": "progressive",
    "allow_disabled": false,
    "stages": [
      {
	"img": "images/chest1.png",
	"codes": "crescentchest1"
      },
      {
	"img": "images/chest0.png",
	"codes": "crescentchest0"
      }
    ]
  },
  {
    "name": "Lix Item",
    "type": "progressive",
    "allow_disabled": false,
    "stages": [
      {
	"img": "images/chest1.png",
	"codes": "lixchest1"
      },
      {
	"img": "images/chest0.png",
	"codes": "lixchest0"
      }
    ]
  },
  {
    "name": "Carwen Items",
    "type": "progressive",
    "allow_disabled": false,
    "stages": [
      {
	"img": "images/chest4.png",
	"codes": "carwenchest4"
      },
      {
	"img": "images/chest3.png",
	"codes": "carwenchest3"
      },
      {
	"img": "images/chest2.png",
	"codes": "carwenchest2"
      },
      {
	"img": "images/chest1.png",
	"codes": "carwenchest1"
      },
      {
	"img": "images/chest0.png",
	"codes": "carwenchest0"
      }
    ]
  },
  {
    "name": "Ifrit Item",
    "type": "progressive",
    "allow_disabled": false,
    "stages": [
      {
	"img": "images/chest1.png",
	"codes": "ifritchest1"
      },
      {
	"img": "images/chest0.png",
	"codes": "ifritchest0"
      }
    ]
  },
  {
    "name": "Byblos Items",
    "type": "progressive",
    "allow_disabled": false,
    "stages": [
      {
	"img": "images/chest2.png",
	"codes": "bybloschest2"
      },
      {
	"img": "images/chest1.png",
	"codes": "bybloschest1"
      },
      {
	"img": "images/chest0.png",
	"codes": "bybloschest0"
      }
    ]
  },
  {
    "name": "Top Library Item",
    "type": "progressive",
    "allow_disabled": false,
    "stages": [
      {
	"img": "images/chest1.png",
	"codes": "toplibrarychest1"
      },
      {
	"img": "images/chest0.png",
	"codes": "toplibrarychest0"
      }
    ]
  },
  {
    "name": "Karnak Item",
    "type": "progressive",
    "allow_disabled": false,
    "stages": [
      {
	"img": "images/chest1.png",
	"codes": "karnakchest1"
      },
      {
	"img": "images/chest0.png",
	"codes": "karnakchest0"
      }
    ]
  },
  {
    "name": "Rugor Item",
    "type": "progressive",
    "allow_disabled": false,
    "stages": [
      {
	"img": "images/chest1.png",
	"codes": "rugorchest1"
      },
      {
	"img": "images/chest0.png",
	"codes": "rugorchest0"
      }
    ]
  },
  {
    "name": "Mua Items",
    "type": "progressive",
    "allow_disabled": false,
    "stages": [
      {
	"img": "images/chest2.png",
	"codes": "muachest2"
      },
      {
	"img": "images/chest1.png",
	"codes": "muachest1"
      },
      {
	"img": "images/chest0.png",
	"codes": "muachest0"
      }
    ]
  },
  {
    "name": "Castle Surgate Items",
    "type": "progressive",
    "allow_disabled": false,
    "stages": [
      {
	"img": "images/chest3.png",
	"codes": "surgatechest3"
      },
      {
	"img": "images/chest2.png",
	"codes": "surgatechest2"
      },
      {
	"img": "images/chest1.png",
	"codes": "surgatechest1"
      },
      {
	"img": "images/chest0.png",
	"codes": "surgatechest0"
      }
    ]
  },
  {
    "name": "Kelb Items",
    "type": "progressive",
    "allow_disabled": false,
    "stages": [
      {
	"img": "images/chest2.png",
	"codes": "kelbchest2"
      },
      {
	"img": "images/chest1.png",
	"codes": "kelbchest1"
      },
      {
	"img": "images/chest0.png",
	"codes": "kelbchest0"
      }
    ]
  },
  {
    "name": "Bal Items",
    "type": "progressive",
    "allow_disabled": false,
    "stages": [
      {
	"img": "images/chest5.png",
	"codes": "balchest5"
      },
      {
	"img": "images/chest4.png",
	"codes": "balchest4"
      },
      {
	"img": "images/chest3.png",
	"codes": "balchest3"
      },
      {
	"img": "images/chest2.png",
	"codes": "balchest2"
      },
      {
	"img": "images/chest1.png",
	"codes": "balchest1"
      },
      {
	"img": "images/chest0.png",
	"codes": "balchest0"
      }
    ]
  },
  {
    "name": "Kuzar Items 1",
    "type": "progressive",
    "allow_disabled": false,
    "stages": [
      {
	"img": "images/chest3.png",
	"codes": "kuzar1chest3"
      },
      {
	"img": "images/chest0.png",
	"codes": "kuzar1chest0"
      }
    ]
  },
  {
    "name": "Kuzar Items 2",
    "type": "progressive",
    "allow_disabled": false,
    "stages": [
      {
	"img": "images/chest3.png",
	"codes": "kuzar2chest3"
      },
      {
	"img": "images/chest0.png",
	"codes": "kuzar2chest0"
      }
    ]
  },
  {
    "name": "Kuzar Items 3",
    "type": "progressive",
    "allow_disabled": false,
    "stages": [
      {
	"img": "images/chest3.png",
	"codes": "kuzar3chest3"
      },
      {
	"img": "images/chest0.png",
	"codes": "kuzar3chest0"
      }
    ]
  },
  {
    "name": "Kuzar Items 4",
    "type": "progressive",
    "allow_disabled": false,
    "stages": [
      {
	"img": "images/chest3.png",
	"codes": "kuzar4chest3"
      },
      {
	"img": "images/chest0.png",
	"codes": "kuzar4chest0"
      }
    ]
  },
  {
    "name": "North Mountain Items",
    "type": "progressive",
    "allow_disabled": false,
    "stages": [
      {
	"img": "images/chest2.png",
	"codes": "mountainchest2"
      },
      {
	"img": "images/chest1.png",
	"codes": "mountainchest1"
      },
      {
	"img": "images/chest0.png",
	"codes": "mountainchest0"
      }
    ]
  },
  {
    "name": "Wind Shrine Items",
    "type": "progressive",
    "allow_disabled": false,
    "stages": [
      {
	"img": "images/chest5.png",
	"codes": "windchest5"
      },
      {
	"img": "images/chest4.png",
	"codes": "windchest4"
      },
      {
	"img": "images/chest3.png",
	"codes": "windchest3"
      },
      {
	"img": "images/chest2.png",
	"codes": "windchest2"
      },
      {
	"img": "images/chest1.png",
	"codes": "windchest1"
      },
      {
	"img": "images/chest0.png",
	"codes": "windchest0"
      }
    ]
  },
  {
    "name": "Ship Graveyard Items",
    "type": "progressive",
    "allow_disabled": false,
    "stages": [
      {
	"img": "images/chest8.png",
	"codes": "graveyardchest8"
      },
      {
	"img": "images/chest7.png",
	"codes": "graveyardchest7"
      },
      {
	"img": "images/chest6.png",
	"codes": "graveyardchest6"
      },
      {
	"img": "images/chest5.png",
	"codes": "graveyardchest5"
      },
      {
	"img": "images/chest4.png",
	"codes": "graveyardchest4"
      },
      {
	"img": "images/chest3.png",
	"codes": "graveyardchest3"
      },
      {
	"img": "images/chest2.png",
	"codes": "graveyardchest2"
      },
      {
	"img": "images/chest1.png",
	"codes": "graveyardchest1"
      },
      {
	"img": "images/chest0.png",
	"codes": "graveyardchest0"
      }
    ]
  },
  {
    "name": "Walse Tower Items",
    "type": "progressive",
    "allow_disabled": false,
    "stages": [
      {
	"img": "images/chest4.png",
	"codes": "walsetowerchest4"
      },
      {
	"img": "images/chest3.png",
	"codes": "walsetowerchest3"
      },
      {
	"img": "images/chest2.png",
	"codes": "walsetowerchest2"
      },
      {
	"img": "images/chest1.png",
	"codes": "walsetowerchest1"
      },
      {
	"img": "images/chest0.png",
	"codes": "walsetowerchest0"
      }
    ]
  },
  {
    "name": "Steamship Items",
    "type": "progressive",
    "allow_disabled": false,
    "stages": [
      {
	"img": "images/chest9.png",
	"codes": "steamshipchest9"
      },
      {
	"img": "images/chest8.png",
	"codes": "steamshipchest8"
      },
      {
	"img": "images/chest7.png",
	"codes": "steamshipchest7"
      },
      {
	"img": "images/chest6.png",
	"codes": "steamshipchest6"
      },
      {
	"img": "images/chest5.png",
	"codes": "steamshipchest5"
      },
      {
	"img": "images/chest4.png",
	"codes": "steamshipchest4"
      },
      {
	"img": "images/chest3.png",
	"codes": "steamshipchest3"
      },
      {
	"img": "images/chest2.png",
	"codes": "steamshipchest2"
      },
      {
	"img": "images/chest1.png",
	"codes": "steamshipchest1"
      },
      {
	"img": "images/chest0.png",
	"codes": "steamshipchest0"
      }
    ]
  },
  {
    "name": "Castle Karnak Items",
    "type": "progressive",
    "allow_disabled": false,
    "stages": [
      {
	"img": "images/chest15.png",
	"codes": "castlekarnakchest15"
      },
      {
	"img": "images/chest14.png",
	"codes": "castlekarnakchest14"
      },
      {
	"img": "images/chest13.png",
	"codes": "castlekarnakchest13"
      },
      {
	"img": "images/chest12.png",
	"codes": "castlekarnakchest12"
      },
      {
	"img": "images/chest11.png",
	"codes": "castlekarnakchest11"
      },
      {
	"img": "images/chest10.png",
	"codes": "castlekarnakchest10"
      },
      {
	"img": "images/chest9.png",
	"codes": "castlekarnakchest9"
      },
      {
	"img": "images/chest8.png",
	"codes": "castlekarnakchest8"
      },
      {
	"img": "images/chest7.png",
	"codes": "castlekarnakchest7"
      },
      {
	"img": "images/chest6.png",
	"codes": "castlekarnakchest6"
      },
      {
	"img": "images/chest5.png",
	"codes": "castlekarnakchest5"
      },
      {
	"img": "images/chest4.png",
	"codes": "castlekarnakchest4"
      },
      {
	"img": "images/chest3.png",
	"codes": "castlekarnakchest3"
      },
      {
	"img": "images/chest2.png",
	"codes": "castlekarnakchest2"
      },
      {
	"img": "images/chest1.png",
	"codes": "castlekarnakchest1"
      },
      {
	"img": "images/chest0.png",
	"codes": "castlekarnakchest0"
      }
    ]
  },
  {
    "name": "Tycoon Meteor Items",
    "type": "progressive",
    "allow_disabled": false,
    "stages": [
      {
	"img": "images/chest1.png",
	"codes": "tmeteorchest1"
      },
      {
	"img": "images/chest0.png",
	"codes": "tmeteorchest0"
      }
    ]
  },
  {
    "name": "Catapult Items",
    "type": "progressive",
    "allow_disabled": false,
    "stages": [
      {
	"img": "images/chest3.png",
	"codes": "catapultchest3"
      },
      {
	"img": "images/chest2.png",
	"codes": "catapultchest2"
      },
      {
	"img": "images/chest1.png",
	"codes": "catapultchest1"
      },
      {
	"img": "images/chest0.png",
	"codes": "catapultchest0"
      }
    ]
  },
  {
    "name": "Ronka Ruins Items",
    "type": "progressive",
    "allow_disabled": false,
    "stages": [
      {
	"img": "images/chest12.png",
	"codes": "ronkachest12"
      },
      {
	"img": "images/chest11.png",
	"codes": "ronkachest11"
      },
      {
	"img": "images/chest10.png",
	"codes": "ronkachest10"
      },
      {
	"img": "images/chest9.png",
	"codes": "ronkachest9"
      },
      {
	"img": "images/chest8.png",
	"codes": "ronkachest8"
      },
      {
	"img": "images/chest7.png",
	"codes": "ronkachest7"
      },
      {
	"img": "images/chest6.png",
	"codes": "ronkachest6"
      },
      {
	"img": "images/chest5.png",
	"codes": "ronkachest5"
      },
      {
	"img": "images/chest4.png",
	"codes": "ronkachest4"
      },
      {
	"img": "images/chest3.png",
	"codes": "ronkachest3"
      },
      {
	"img": "images/chest2.png",
	"codes": "ronkachest2"
      },
      {
	"img": "images/chest1.png",
	"codes": "ronkachest1"
      },
      {
	"img": "images/chest0.png",
	"codes": "ronkachest0"
      }
    ]
  },
  {
    "name": "Castle Tycoon Items",
    "type": "progressive",
    "allow_disabled": false,
    "stages": [
      {
	"img": "images/chest15.png",
	"codes": "castletycoonchest15"
      },
      {
	"img": "images/chest14.png",
	"codes": "castletycoonchest14"
      },
      {
	"img": "images/chest13.png",
	"codes": "castletycoonchest13"
      },
      {
	"img": "images/chest12.png",
	"codes": "castletycoonchest12"
      },
      {
	"img": "images/chest11.png",
	"codes": "castletycoonchest11"
      },
      {
	"img": "images/chest10.png",
	"codes": "castletycoonchest10"
      },
      {
	"img": "images/chest9.png",
	"codes": "castletycoonchest9"
      },
      {
	"img": "images/chest8.png",
	"codes": "castletycoonchest8"
      },
      {
	"img": "images/chest7.png",
	"codes": "castletycoonchest7"
      },
      {
	"img": "images/chest6.png",
	"codes": "castletycoonchest6"
      },
      {
	"img": "images/chest5.png",
	"codes": "castletycoonchest5"
      },
      {
	"img": "images/chest4.png",
	"codes": "castletycoonchest4"
      },
      {
	"img": "images/chest3.png",
	"codes": "castletycoonchest3"
      },
      {
	"img": "images/chest2.png",
	"codes": "castletycoonchest2"
      },
      {
	"img": "images/chest1.png",
	"codes": "castletycoonchest1"
      },
      {
	"img": "images/chest0.png",
	"codes": "castletycoonchest0"
      }
    ]
  },
  {
    "name": "Chocobo Forest Items",
    "type": "progressive",
    "allow_disabled": false,
    "stages": [
      {
	"img": "images/chest2.png",
	"codes": "chocobochest2"
      },
      {
	"img": "images/chest0.png",
	"codes": "chocobochest0"
      }
    ]
  },
  {
    "name": "Mua Forest Items",
    "type": "progressive",
    "allow_disabled": false,
    "stages": [
      {
	"img": "images/chest12.png",
	"codes": "muaforestchest12"
      },
      {
	"img": "images/chest11.png",
	"codes": "muaforestchest11"
      },
      {
	"img": "images/chest10.png",
	"codes": "muaforestchest10"
      },
      {
	"img": "images/chest9.png",
	"codes": "muaforestchest9"
      },
      {
	"img": "images/chest8.png",
	"codes": "muaforestchest8"
      },
      {
	"img": "images/chest7.png",
	"codes": "muaforestchest7"
      },
      {
	"img": "images/chest6.png",
	"codes": "muaforestchest6"
      },
      {
	"img": "images/chest5.png",
	"codes": "muaforestchest5"
      },
      {
	"img": "images/chest4.png",
	"codes": "muaforestchest4"
      },
      {
	"img": "images/chest3.png",
	"codes": "muaforestchest3"
      },
      {
	"img": "images/chest2.png",
	"codes": "muaforestchest2"
      },
      {
	"img": "images/chest1.png",
	"codes": "muaforestchest1"
      },
      {
	"img": "images/chest0.png",
	"codes": "muaforestchest0"
      }
    ]
  },
  {
    "name": "Hiryuu Valley Items",
    "type": "progressive",
    "allow_disabled": false,
    "stages": [
      {
	"img": "images/chest7.png",
	"codes": "hiryuuchest7"
      },
      {
	"img": "images/chest6.png",
	"codes": "hiryuuchest6"
      },
      {
	"img": "images/chest5.png",
	"codes": "hiryuuchest5"
      },
      {
	"img": "images/chest4.png",
	"codes": "hiryuuchest4"
      },
      {
	"img": "images/chest3.png",
	"codes": "hiryuuchest3"
      },
      {
	"img": "images/chest2.png",
	"codes": "hiryuuchest2"
      },
      {
	"img": "images/chest1.png",
	"codes": "hiryuuchest1"
      },
      {
	"img": "images/chest0.png",
	"codes": "hiryuuchest0"
      }
    ]
  },
  {
    "name": "Castle ExDeath Entrance Items",
    "type": "progressive",
    "allow_disabled": false,
    "stages": [
      {
	"img": "images/chest2.png",
	"codes": "ex1chest2"
      },
      {
	"img": "images/chest1.png",
	"codes": "ex1chest1"
      },
      {
	"img": "images/chest0.png",
	"codes": "ex1chest0"
      }
    ]
  },
  {
    "name": "Castle ExDeath Upper Items",
    "type": "progressive",
    "allow_disabled": false,
    "stages": [
      {
	"img": "images/chest12.png",
	"codes": "ex2chest12"
      },
      {
	"img": "images/chest11.png",
	"codes": "ex2chest11"
      },
      {
	"img": "images/chest10.png",
	"codes": "ex2chest10"
      },
      {
	"img": "images/chest9.png",
	"codes": "ex2chest9"
      },
      {
	"img": "images/chest8.png",
	"codes": "ex2chest8"
      },
      {
	"img": "images/chest7.png",
	"codes": "ex2chest7"
      },
      {
	"img": "images/chest6.png",
	"codes": "ex2chest6"
      },
      {
	"img": "images/chest5.png",
	"codes": "ex2chest5"
      },
      {
	"img": "images/chest4.png",
	"codes": "ex2chest4"
      },
      {
	"img": "images/chest3.png",
	"codes": "ex2chest3"
      },
      {
	"img": "images/chest2.png",
	"codes": "ex2chest2"
      },
      {
	"img": "images/chest1.png",
	"codes": "ex2chest1"
      },
      {
	"img": "images/chest0.png",
	"codes": "ex2chest0"
      }
    ]
  },
  {
    "name": "Barrier Tower Items",
    "type": "progressive",
    "allow_disabled": false,
    "stages": [
      {
	"img": "images/chest4.png",
	"codes": "barrierchest4"
      },
      {
	"img": "images/chest3.png",
	"codes": "barrierchest3"
      },
      {
	"img": "images/chest2.png",
	"codes": "barrierchest2"
      },
      {
	"img": "images/chest1.png",
	"codes": "barrierchest1"
      },
      {
	"img": "images/chest0.png",
	"codes": "barrierchest0"
      }
    ]
  },
  {
    "name": "Underground Waterway Items",
    "type": "progressive",
    "allow_disabled": false,
    "stages": [
      {
	"img": "images/chest2.png",
	"codes": "waterwaychest2"
      },
      {
	"img": "images/chest1.png",
	"codes": "waterwaychest1"
      },
      {
	"img": "images/chest0.png",
	"codes": "waterwaychest0"
      }
    ]
  },
  {
    "name": "Moogle Village Items",
    "type": "progressive",
    "allow_disabled": false,
    "stages": [
      {
	"img": "images/chest7.png",
	"codes": "mooglechest7"
      },
      {
	"img": "images/chest6.png",
	"codes": "mooglechest6"
      },
      {
	"img": "images/chest5.png",
	"codes": "mooglechest5"
      },
      {
	"img": "images/chest4.png",
	"codes": "mooglechest4"
      },
      {
	"img": "images/chest3.png",
	"codes": "mooglechest3"
      },
      {
	"img": "images/chest2.png",
	"codes": "mooglechest2"
      },
      {
	"img": "images/chest1.png",
	"codes": "mooglechest1"
      },
      {
	"img": "images/chest0.png",
	"codes": "mooglechest0"
      }
    ]
  },
  {
    "name": "Pyramid Items",
    "type": "progressive",
    "allow_disabled": false,
    "stages": [
      {
	"img": "images/chest28.png",
	"codes": "pyramidchest28"
      },
      {
	"img": "images/chest27.png",
	"codes": "pyramidchest27"
      },
      {
	"img": "images/chest26.png",
	"codes": "pyramidchest26"
      },
      {
	"img": "images/chest25.png",
	"codes": "pyramidchest25"
      },
      {
	"img": "images/chest24.png",
	"codes": "pyramidchest24"
      },
      {
	"img": "images/chest23.png",
	"codes": "pyramidchest23"
      },
      {
	"img": "images/chest22.png",
	"codes": "pyramidchest22"
      },
      {
	"img": "images/chest21.png",
	"codes": "pyramidchest21"
      },
      {
	"img": "images/chest20.png",
	"codes": "pyramidchest20"
      },
      {
	"img": "images/chest19.png",
	"codes": "pyramidchest19"
      },
      {
	"img": "images/chest18.png",
	"codes": "pyramidchest18"
      },
      {
	"img": "images/chest17.png",
	"codes": "pyramidchest17"
      },
      {
	"img": "images/chest16.png",
	"codes": "pyramidchest16"
      },
      {
	"img": "images/chest15.png",
	"codes": "pyramidchest15"
      },
      {
	"img": "images/chest14.png",
	"codes": "pyramidchest14"
      },
      {
	"img": "images/chest13.png",
	"codes": "pyramidchest13"
      },
      {
	"img": "images/chest12.png",
	"codes": "pyramidchest12"
      },
      {
	"img": "images/chest11.png",
	"codes": "pyramidchest11"
      },
      {
	"img": "images/chest10.png",
	"codes": "pyramidchest10"
      },
      {
	"img": "images/chest9.png",
	"codes": "pyramidchest9"
      },
      {
	"img": "images/chest8.png",
	"codes": "pyramidchest8"
      },
      {
	"img": "images/chest7.png",
	"codes": "pyramidchest7"
      },
      {
	"img": "images/chest6.png",
	"codes": "pyramidchest6"
      },
      {
	"img": "images/chest5.png",
	"codes": "pyramidchest5"
      },
      {
	"img": "images/chest4.png",
	"codes": "pyramidchest4"
      },
      {
	"img": "images/chest3.png",
	"codes": "pyramidchest3"
      },
      {
	"img": "images/chest2.png",
	"codes": "pyramidchest2"
      },
      {
	"img": "images/chest1.png",
	"codes": "pyramidchest1"
      },
      {
	"img": "images/chest0.png",
	"codes": "pyramidchest0"
      }
    ]
  },
  {
    "name": "Jacole Ruins Items",
    "type": "progressive",
    "allow_disabled": false,
    "stages": [
      {
	"img": "images/chest3.png",
	"codes": "jacolechest3"
      },
      {
	"img": "images/chest2.png",
	"codes": "jacolechest2"
      },
      {
	"img": "images/chest1.png",
	"codes": "jacolechest1"
      },
      {
	"img": "images/chest0.png",
	"codes": "jacolechest0"
      }
    ]
  },
  {
    "name": "Island Shrine Items",
    "type": "progressive",
    "allow_disabled": false,
    "stages": [
      {
	"img": "images/chest14.png",
	"codes": "islandchest14"
      },
      {
	"img": "images/chest13.png",
	"codes": "islandchest13"
      },
      {
	"img": "images/chest12.png",
	"codes": "islandchest12"
      },
      {
	"img": "images/chest11.png",
	"codes": "islandchest11"
      },
      {
	"img": "images/chest10.png",
	"codes": "islandchest10"
      },
      {
	"img": "images/chest9.png",
	"codes": "islandchest9"
      },
      {
	"img": "images/chest8.png",
	"codes": "islandchest8"
      },
      {
	"img": "images/chest7.png",
	"codes": "islandchest7"
      },
      {
	"img": "images/chest6.png",
	"codes": "islandchest6"
      },
      {
	"img": "images/chest5.png",
	"codes": "islandchest5"
      },
      {
	"img": "images/chest4.png",
	"codes": "islandchest4"
      },
      {
	"img": "images/chest3.png",
	"codes": "islandchest3"
      },
      {
	"img": "images/chest2.png",
	"codes": "islandchest2"
      },
      {
	"img": "images/chest1.png",
	"codes": "islandchest1"
      },
      {
	"img": "images/chest0.png",
	"codes": "islandchest0"
      }
    ]
  },
  {
    "name": "Great Trench Items",
    "type": "progressive",
    "allow_disabled": false,
    "stages": [
      {
	"img": "images/chest6.png",
	"codes": "trenchchest6"
      },
      {
	"img": "images/chest5.png",
	"codes": "trenchchest5"
      },
      {
	"img": "images/chest4.png",
	"codes": "trenchchest4"
      },
      {
	"img": "images/chest3.png",
	"codes": "trenchchest3"
      },
      {
	"img": "images/chest2.png",
	"codes": "trenchchest2"
      },
      {
	"img": "images/chest1.png",
	"codes": "trenchchest1"
      },
      {
	"img": "images/chest0.png",
	"codes": "trenchchest0"
      }
    ]
  },
  {
    "name": "Phoenix Tower Items",
    "type": "progressive",
    "allow_disabled": false,
    "stages": [
      {
	"img": "images/chest11.png",
	"codes": "phoenixchest11"
      },
      {
	"img": "images/chest10.png",
	"codes": "phoenixchest10"
      },
      {
	"img": "images/chest9.png",
	"codes": "phoenixchest9"
      },
      {
	"img": "images/chest8.png",
	"codes": "phoenixchest8"
      },
      {
	"img": "images/chest7.png",
	"codes": "phoenixchest7"
      },
      {
	"img": "images/chest6.png",
	"codes": "phoenixchest6"
      },
      {
	"img": "images/chest5.png",
	"codes": "phoenixchest5"
      },
      {
	"img": "images/chest4.png",
	"codes": "phoenixchest4"
      },
      {
	"img": "images/chest3.png",
	"codes": "phoenixchest3"
      },
      {
	"img": "images/chest2.png",
	"codes": "phoenixchest2"
      },
      {
	"img": "images/chest1.png",
	"codes": "phoenixchest1"
      },
      {
	"img": "images/chest0.png",
	"codes": "phoenixchest0"
      }
    ]
  },
  {
    "name": "Istory Falls North Item",
    "type": "progressive",
    "allow_disabled": false,
    "stages": [
      {
	"img": "images/chest1.png",
	"codes": "lampchest1"
      },
      {
	"img": "images/chest0.png",
	"codes": "lampchest0"
      }
    ]
  },
  {
    "name": "Istory Falls Items",
    "type": "progressive",
    "allow_disabled": false,
    "stages": [
      {
	"img": "images/chest14.png",
	"codes": "fallschest14"
      },
      {
	"img": "images/chest13.png",
	"codes": "fallschest13"
      },
      {
	"img": "images/chest12.png",
	"codes": "fallschest12"
      },
      {
	"img": "images/chest11.png",
	"codes": "fallschest11"
      },
      {
	"img": "images/chest10.png",
	"codes": "fallschest10"
      },
      {
	"img": "images/chest9.png",
	"codes": "fallschest9"
      },
      {
	"img": "images/chest8.png",
	"codes": "fallschest8"
      },
      {
	"img": "images/chest7.png",
	"codes": "fallschest7"
      },
      {
	"img": "images/chest6.png",
	"codes": "fallschest6"
      },
      {
	"img": "images/chest5.png",
	"codes": "fallschest5"
      },
      {
	"img": "images/chest4.png",
	"codes": "fallschest4"
      },
      {
	"img": "images/chest3.png",
	"codes": "fallschest3"
      },
      {
	"img": "images/chest2.png",
	"codes": "fallschest2"
      },
      {
	"img": "images/chest1.png",
	"codes": "fallschest1"
      },
      {
	"img": "images/chest0.png",
	"codes": "fallschest0"
      }
    ]
  },
  {
    "name": "Mirage Item",
    "type": "progressive",
    "allow_disabled": false,
    "stages": [
      {
	"img": "images/chest1.png",
	"codes": "miragechest1"
      },
      {
	"img": "images/chest0.png",
	"codes": "miragechest0"
      }
    ]
  },
  {
    "name": "Fork Tower Items",
    "type": "progressive",
    "allow_disabled": false,
    "stages": [
      {
	"img": "images/chest4.png",
	"codes": "forkchest4"
      },
      {
	"img": "images/chest3.png",
	"codes": "forkchest3"
      },
      {
	"img": "images/chest2.png",
	"codes": "forkchest2"
      },
      {
	"img": "images/chest1.png",
	"codes": "forkchest1"
      },
      {
	"img": "images/chest0.png",
	"codes": "forkchest0"
      }
    ]
  },
  {
    "name": "Istory Shops",
    "type": "toggle",
    "loop": true,
    "img": "images/shopkeeper.png",
    "codes": "istoryshop"
  },
  {
    "name": "Tule Shops",
    "type": "toggle",
    "loop": true,
    "img": "images/shopkeeper.png",
    "codes": "tuleshop"
  },
  {
    "name": "Walse Shops",
    "type": "toggle",
    "loop": true,
    "img": "images/shopkeeper.png",
    "codes": "walseshop"
  },
  {
    "name": "Crescent Shops",
    "type": "toggle",
    "loop": true,
    "img": "images/shopkeeper.png",
    "codes": "crescentshop"
  },
  {
    "name": "Jacole Shops",
    "type": "toggle",
    "loop": true,
    "img": "images/shopkeeper.png",
    "codes": "jacoleshop"
  },
  {
    "name": "Lix Shops",
    "type": "toggle",
    "loop": true,
    "img": "images/shopkeeper.png",
    "codes": "lixshop"
  },
  {
    "name": "Carwen Shops",
    "type": "toggle",
    "loop": true,
    "img": "images/shopkeeper.png",
    "codes": "carwenshop"
  },
  {
    "name": "Karnak Shops",
    "type": "toggle",
    "loop": true,
    "img": "images/shopkeeper.png",
    "codes": "karnakshop"
  },
  {
    "name": "Extra Karnak Shop",
    "type": "toggle",
    "loop": true,
    "img": "images/shopkeeper.png",
    "codes": "extrakarnakshop"
  },
  {
    "name": "Rugor Shops",
    "type": "toggle",
    "loop": true,
    "img": "images/shopkeeper.png",
    "codes": "rugorshop"
  },
  {
    "name": "Mua Shops",
    "type": "toggle",
    "loop": true,
    "img": "images/shopkeeper.png",
    "codes": "muashop"
  },
  {
    "name": "Castle Surgate Shops",
    "type": "toggle",
    "loop": true,
    "img": "images/shopkeeper.png",
    "codes": "surgateshop"
  },
  {
    "name": "Kelb Shops",
    "type": "toggle",
    "loop": true,
    "img": "images/shopkeeper.png",
    "codes": "kelbshop"
  },
  {
    "name": "Bal Shops",
    "type": "toggle",
    "loop": true,
    "img": "images/shopkeeper.png",
    "codes": "balshop"
  },
  {
    "name": "Dwarven Shops",
    "type": "toggle",
    "loop": true,
    "img": "images/dwarf.png",
    "codes": "dwarvenshop"
  },
  {
    "name": "Mirage Shops",
    "type": "toggle",
    "loop": true,
    "img": "images/mirage.png",
    "codes": "mirageshop"
  },
  {
    "name": "Death",
    "type": "toggle",
    "loop": true,
    "img": "images/DE.png",
    "codes": "death"
  },
  {
    "name": "Break",
    "type": "toggle",
    "loop": true,
    "img": "images/BR.png",
    "codes": "break"
  },
  {
    "name": "Sleep",
    "type": "toggle",
    "loop": true,
    "img": "images/SL.png",
    "codes": "sleep"
  },
  {
    "name": "Mute",
    "type": "toggle",
    "loop": true,
    "img": "images/MU.png",
    "codes": "mute"
  },
  {
    "name": "Slow",
    "type": "toggle",
    "loop": true,
    "img": "images/SW.png",
    "codes": "slow"
  }
]