{
  "tracker_broadcast": {
    "type": "array",
    "orientation": "vertical",
    "margin": "0,0",
    "content": [
      {
        "type": "array",
        "orientation": "horizontal",
        "margin": "0,0",
        "content": [
          {
            "type": "itemgrid",
            "item_margin": "3,3",
            "v_alignment": "center",
            "item_size": 32,
            "rows": [
              [ "adamantite", "tablet1", "tablet2", "tablet3", "tablet4", "antibrace" ],
              [ "fire", "pyramidpage", "shrinepage", "trenchpage", "fallspage", "bait" ],
              [ "hiryuu", "walsekey", "steamshipkey", "subkey", "bridgekey", "branch" ],
              [ "moogle", "radar", "exdeath", "w2open", "w3open" ]
                ]
          }
        ]
      },
      {
        "type": "array",
        "orientation": "horizontal",
        "margin": "0,0",
        "content": [
          {
            "type": "itemgrid",
            "item_margin": "3,3",
            "v_alignment": "center",
            "item_size": 32,
            "rows": [
              [ "wingraptorx", "karlabosx", "sirenx", "magisax", "galurax", "shivax" ],
              [ "liquidflamex", "ironclawx", "sandwormx", "adamantx", "ifritx", "byblosx" ],
              [ "crayclawx", "solcannonx", "archaeavisx", "chimbrainx", "titanx", "puroborosx" ],
              [ "abductorx", "gilga1x", "gilga2x", "gilga3x", "gilga4x", "hiryuuplantx" ],
              [ "tyrasaurusx", "atomosx", "guardianx", "carbunklex", "antlionx", "merugenex"  ],
              [ "minotaurusx", "omniscientx", "stalkerx", "tritonx", "odinx", "gogox" ],
              [ "leviathanx", "bahamutx" ]
                ]
          }
        ]
      },
      {
        "type": "array",
        "orientation": "horizontal",
        "margin": "0,0",
        "content": [
          {
            "type": "itemgrid",
            "item_margin": "3,3",
            "v_alignment": "center",
            "item_size": 32,
            "rows": [
              [ "ramuhx", "golemx", "shoatx", "gargoylex", "calofisterix", "apandax" ],
              [ "apocalypsex", "catastrophx", "halicarnasox", "twintaniax", "necrophobex" ]
                ]
          }
        ]
      },
      {
        "type": "array",
        "orientation": "horizontal",
        "margin": "0,0",
        "content": [
          {
            "type": "itemgrid",
            "item_margin": "3,3",
            "v_alignment": "left",
            "item_size": 32,
            "rows": [
              [ "chancellor", "zokk", "karnakscholar", "guido", "walsescholar", "woman" ],
              [ "kelgar", "balwizard", "muawizard", "rugorwizard", "dwarf3", "mirage2" ]
                ]
          }
        ]
      }
    ]
  }
}
