{
"tracker_capture_item": {
    "type": "array",
    "orientation": "horizontal",
    "margin": "0,0",
    "content": [
      {
        "type": "itemgrid",
        "item_margin": "3,3",
        "v_alignment": "center",
        "item_size": 32,
        "rows": [
          [ "crystal", "ability", "consumable" ],
	  [ "weapon", "armor", "relic" ],
          [ "white", "black", "time" ]
        ]
      },
      {
        "type": "itemgrid",
        "item_margin": "3,3",
        "v_alignment": "center",
        "item_size": 32,
        "rows": [
          [ "tablet1", "tablet2", "tablet3", "tablet4", "adamantite", "fire", "bait" ],
          [ "pyramidpage", "shrinepage", "trenchpage", "fallspage", "hiryuu", "branch", "moogle" ],
          [ "walsekey", "steamshipkey", "subkey", "bridgekey", "antibarrier", "bracelet", "radar" ]
        ]
      }
    ]
  },
  "tracker_horizontal": {
    "type": "container",
    "background": "#000000",
    "content": {
      "type": "dock",
      "dropshadow": true,
      "content": [
        {
          "type": "dock",
          "dock": "bottom",
          "content": [
            {
              "type": "group",
              "header": "Key Items",
              "dock": "left",
              "margin": "0,0,3,0",
              "content": {
                "type": "array",
                "orientation": "horizontal",
                "margin": "0,0",
                "content": [
                  {
                    "type": "itemgrid",
                    "item_margin": "3,3",
                    "v_alignment": "top",
                    "item_size": 32,
                    "rows": [
                      [ "tablet1", "tablet2", "tablet3", "tablet4" ],
                      [ "pyramidpage", "shrinepage", "trenchpage", "fallspage" ],
                      [ "walsekey", "steamshipkey", "subkey", "bridgekey" ],
                      [ "fire", "bait", "adamantite", "branch" ],
                      [ "hiryuu", "moogle", "antibrace", "radar" ]
                    ]
                  }
                ]
              }
            },
	    {
              "type": "group",
              "header": "Hints & Locks",
              "dock": "left",
              "margin": "0,0,3,0",
              "content": {
                "type": "array",
                "orientation": "horizontal",
                "margin": "0,0",
                "content": [
                  {
                    "type": "itemgrid",
                    "item_margin": "3,3",
                    "v_alignment": "top",
                    "item_size": 32,
                    "rows": [
                      [ "chancellor", "zokk", "karnakscholar" ],
                      [ "guido", "walsescholar", "woman" ],
                      [ "kelgar", "balwizard", "muawizard" ],
                      [ "rugorwizard", "dwarf3", "mirage2" ],
                      [ "exdeath", "w2open", "w3open" ]
                    ]
                  }
                ]
              }
            },
	    {
              "type": "group",
              "header": "Ship",
              "dock": "left",
              "margin": "0,0,3,0",
              "content": {
                "type": "array",
                "orientation": "horizontal",
                "margin": "0,0",
                "content": [
                  {
                    "type": "itemgrid",
                    "item_margin": "3,3",
                    "v_alignment": "top",
                    "item_size": 32,
                    "rows": [
                      [ "karlabosx"],
                      [ "sirenx" ],
                      [ "liquidflamex" ],
                      [ "gilga3x"]
                    ]
                  }
                ]
              }
            },
	    {
              "type": "group",
              "header": "Mountain",
              "dock": "left",
              "margin": "0,0,3,0",
              "content": {
                "type": "array",
                "orientation": "horizontal",
                "margin": "0,0",
                "content": [
                  {
                    "type": "itemgrid",
                    "item_margin": "3,3",
                    "v_alignment": "top",
                    "item_size": 32,
                    "rows": [
                      [ "magisax"],
                      [ "hiryuuplantx"],
                      [ "bahamutx"]
                    ]
                  }
                ]
              }
            },
	    {
              "type": "group",
              "header": "Tower",
              "dock": "left",
              "margin": "0,0,3,0",
              "content": {
                "type": "array",
                "orientation": "horizontal",
                "margin": "0,0",
                "content": [
                  {
                    "type": "itemgrid",
                    "item_margin": "3,3",
                    "v_alignment": "top",
                    "item_size": 32,
                    "rows": [
                      [ "galurax"],
                      [ "atomosx"],
                      [ "minotaurusx"],
                      [ "omniscientx"]
                    ]
                  }
                ]
              }
            },
	    {
              "type": "group",
              "header": "Castle",
              "dock": "left",
              "margin": "0,0,3,0",
              "content": {
                "type": "array",
                "orientation": "horizontal",
                "margin": "0,0",
                "content": [
                  {
                    "type": "itemgrid",
                    "item_margin": "3,3",
                    "v_alignment": "top",
                    "item_size": 32,
                    "rows": [
                      [ "shivax" ],
                      [ "abductorx" ],
                      [ "gilga1x" ],
                      [ "carbunklex" ],
                      [ "gilga4x" ]
                    ]
                  }
                ]
              }
            },
            {
              "type": "group",
              "header": "Library",
              "dock": "left",
              "margin": "0,0,3,0",
              "content": {
                "type": "array",
                "orientation": "horizontal",
                "margin": "0,0",
                "content": [
                  {
                    "type": "itemgrid",
                    "item_margin": "3,3",
                    "v_alignment": "top",
                    "item_size": 32,
                    "rows": [
                      [ "ifritx" ],
                      [ "byblosx" ]
                    ]
                  }
                ]
              }
            },
	    {
              "type": "group",
              "header": "Meteor",
              "dock": "left",
              "margin": "0,0,3,0",
              "content": {
                "type": "array",
                "orientation": "horizontal",
                "margin": "0,0",
                "content": [
                  {
                    "type": "itemgrid",
                    "item_margin": "3,3",
                    "v_alignment": "top",
                    "item_size": 32,
                    "rows": [
                      [ "adamantx" ],
                      [ "chimbrainx" ],
                      [ "titanx" ],
                      [ "puroborosx" ]
                    ]
                  }
                ]
              }
            },
            {
              "type": "group",
              "header": "Aerial",
              "dock": "left",
              "margin": "0,0,3,0",
              "content": {
                "type": "array",
                "orientation": "horizontal",
                "margin": "0,0",
                "content": [
                  {
                    "type": "itemgrid",
                    "item_margin": "3,3",
                    "v_alignment": "top",
                    "item_size": 32,
                    "rows": [
                      [ "crayclawx" ],
                      [ "solcannonx" ],
                      [ "archaeavisx" ]
                    ]
                  }
                ]
              }
            },
            {
              "type": "group",
              "header": "Desert",
              "dock": "left",
              "margin": "0,0,3,0",
              "content": {
                "type": "array",
                "orientation": "horizontal",
                "margin": "0,0",
                "content": [
                  {
                    "type": "itemgrid",
                    "item_margin": "3,3",
                    "v_alignment": "top",
                    "item_size": 32,
                    "rows": [
                      [ "sandwormx" ],
                      [ "merugenex" ]
                    ]
                  }
                ]
              }
            },
	    {
              "type": "group",
              "header": "Burning",
              "dock": "left",
              "margin": "0,0,3,0",
              "content": {
                "type": "array",
                "orientation": "horizontal",
                "margin": "0,0",
                "content": [
                  {
                    "type": "itemgrid",
                    "item_margin": "3,3",
                    "v_alignment": "top",
                    "item_size": 32,
                    "rows": [
                      [ "ironclawx" ],
                      [ "guardianx" ]
                    ]
                  }
                ]
              }
            },
            {
              "type": "group",
              "header": "Cave",
              "dock": "left",
              "margin": "0,0,3,0",
              "content": {
                "type": "array",
                "orientation": "horizontal",
                "margin": "0,0",
                "content": [
                  {
                    "type": "itemgrid",
                    "item_margin": "3,3",
                    "v_alignment": "top",
                    "item_size": 32,
                    "rows": [
                      [ "tyrasaurusx" ],
                      [ "antlionx"],
                      [ "odinx" ]
                    ]
                  }
                ]
              }
            },
            {
              "type": "group",
              "header": "Bridge",
              "dock": "left",
              "margin": "0,0,3,0",
              "content": {
                "type": "array",
                "orientation": "horizontal",
                "margin": "0,0",
                "content": [
                  {
                    "type": "itemgrid",
                    "item_margin": "3,3",
                    "v_alignment": "top",
                    "item_size": 32,
                    "rows": [
                      [ "gilga2x" ],
                      [ "stalkerx" ]
                    ]
                  }
                ]
              }
            },
	    {
              "type": "group",
              "header": "Water",
              "dock": "left",
              "margin": "0,0,3,0",
              "content": {
                "type": "array",
                "orientation": "horizontal",
                "margin": "0,0",
                "content": [
                  {
                    "type": "itemgrid",
                    "item_margin": "3,3",
                    "v_alignment": "top",
                    "item_size": 32,
                    "rows": [
                      [ "tritonx" ],
                      [ "leviathanx" ],
                      [ "gogox"]
                    ]
                  }
                ]
              }
            },
	    {
              "type": "group",
              "header": "Misc.",
              "dock": "left",
              "margin": "0,0,3,0",
              "content": {
                "type": "array",
                "orientation": "horizontal",
                "margin": "0,0",
                "content": [
                  {
                    "type": "itemgrid",
                    "item_margin": "3,3",
                    "v_alignment": "top",
                    "item_size": 32,
                    "rows": [
                      [ "wingraptorx" ],
                      [ "ramuhx" ],
                      [ "golemx" ],
                      [ "shoatx" ],
                      [ "gargoylex" ]
                    ]
                  }
                ]
              }
            },
	    {
              "type": "group",
              "header": "Void",
              "dock": "left",
              "margin": "0,0,3,0",
              "content": {
                "type": "array",
                "orientation": "horizontal",
                "margin": "0,0",
                "content": [
                  {
                    "type": "itemgrid",
                    "item_margin": "3,3",
                    "v_alignment": "top",
                    "item_size": 32,
                    "rows": [
                      [ "calofisterix", "apandax" ],
                      [ "apocalypsex", "catastrophx" ],
                      [ "halicarnasox", "twintaniax" ],
                      [ "necrophobex" ]
                    ]
                  }
                ]
              }
            },
           {
              "type": "group",
              "header": "Pinned Locations",
              "content": {
                "type": "recentpins",
                "style": "wrap",
                "h_alignment": "stretch",
                "v_alignment": "top",
                "orientation": "horizontal",
                "compact": true
              }
            }
          ]
        },
        {
          "type": "tabbed",
          "tabs": [
	    {
              "title": "Butz's World (W1) & Galuf's World (W2)",
              "content": {
                "type": "map",
                "maps": [
                  "world1", "world2"
                ]
              }
            },
            {
              "title": "Merged World (W3)",
              "content": {
                "type": "map",
                "maps": [
                  "world3"
                ]
              }
            },
            {
              "title": "Hint Tracker & Boss Guide",
              "content": {
                "type": "map",
                "maps": [
                  "hints", "bosses"
                ]
              }
            }
          ]
        }
      ]
    }
  }
}
