[
  {
    "name": "world1",
    "location_size": 70,
    "location_border_thickness": 5,
    "img": "images/world1.png"
  },
  {
    "name": "world2",
    "location_size": 70,
    "location_border_thickness": 5,
    "img": "images/world2.png"
  },
  {
    "name": "world3",
    "location_size": 70,
    "location_border_thickness": 5,
    "img": "images/world3.png"
  },
  {
    "name": "shops",
    "location_size": 70,
    "location_border_thickness": 5,
    "img": "images/shop.png"
  },
  {
    "name": "hints",
    "location_size": 70,
    "location_border_thickness": 5,
    "img": "images/hints.png"
  },
  {
    "name": "bosses",
    "location_size": 60,
    "location_border_thickness": 5,
    "img": "images/bosses.png"
  }
]
