{
  "tracker_default": {
    "type": "container",
    "background": "#000000",
    "content": {
      "type": "dock",
      "dropshadow": true,
      "content": [
        {
          "type": "dock",
          "dock": "bottom",
          "content": [
            {
              "type": "group",
              "header": "Key Items",
              "dock": "left",
              "margin": "0,0,3,0",
              "content": {
                "type": "array",
                "orientation": "horizontal",
                "margin": "0,0",
                "content": [
                  {
                    "type": "itemgrid",
                    "item_margin": "3,3",
                    "v_alignment": "top",
                    "item_size": 32,
                    "rows": [
                      [ "tablet1", "tablet2", "tablet3", "tablet4" ],
                      [ "pyramidpage", "shrinepage", "trenchpage", "fallspage" ],
                      [ "walsekey", "steamshipkey", "subkey", "bridgekey" ],
                      [ "fire", "bait", "adamantite", "branch" ],
                      [ "hiryuu", "moogle", "antibrace", "radar" ]
                    ]
                  }
                ]
              }
            },
	    {
              "type": "group",
              "header": "Hints",
              "dock": "left",
              "margin": "0,0,3,0",
              "content": {
                "type": "array",
                "orientation": "horizontal",
                "margin": "0,0",
                "content": [
                  {
                    "type": "itemgrid",
                    "item_margin": "3,3",
                    "v_alignment": "top",
                    "item_size": 32,
                    "rows": [
                      [ "chancellor", "zokk", "karnakscholar" ],
                      [ "guido", "walsescholar", "woman" ],
                      [ "kelgar", "balwizard", "muawizard" ],
                      [ "rugorwizard", "dwarf3", "mirage2" ]
                    ]
                  }
                ]
              }
            },
	    {
              "type": "group",
              "header": "Ship",
              "dock": "left",
              "margin": "0,0,3,0",
              "content": {
                "type": "array",
                "orientation": "horizontal",
                "margin": "0,0",
                "content": [
                  {
                    "type": "itemgrid",
                    "item_margin": "3,3",
                    "v_alignment": "top",
                    "item_size": 32,
                    "rows": [
                      [ "karlabos"],
                      [ "siren" ],
                      [ "liquidflame" ],
                      [ "gilga3"]
                    ]
                  }
                ]
              }
            },
	    {
              "type": "group",
              "header": "Mountain",
              "dock": "left",
              "margin": "0,0,3,0",
              "content": {
                "type": "array",
                "orientation": "horizontal",
                "margin": "0,0",
                "content": [
                  {
                    "type": "itemgrid",
                    "item_margin": "3,3",
                    "v_alignment": "top",
                    "item_size": 32,
                    "rows": [
                      [ "magisa"],
                      [ "hiryuuplant"],
                      [ "bahamut"]
                    ]
                  }
                ]
              }
            },
	    {
              "type": "group",
              "header": "Tower",
              "dock": "left",
              "margin": "0,0,3,0",
              "content": {
                "type": "array",
                "orientation": "horizontal",
                "margin": "0,0",
                "content": [
                  {
                    "type": "itemgrid",
                    "item_margin": "3,3",
                    "v_alignment": "top",
                    "item_size": 32,
                    "rows": [
                      [ "galura"],
                      [ "atomos"],
                      [ "fork"]
                    ]
                  }
                ]
              }
            },
	    {
              "type": "group",
              "header": "Castle",
              "dock": "left",
              "margin": "0,0,3,0",
              "content": {
                "type": "array",
                "orientation": "horizontal",
                "margin": "0,0",
                "content": [
                  {
                    "type": "itemgrid",
                    "item_margin": "3,3",
                    "v_alignment": "top",
                    "item_size": 32,
                    "rows": [
                      [ "shiva" ],
                      [ "abductor" ],
                      [ "gilga1" ],
                      [ "carbunkle" ],
                      [ "gilga4" ]
                    ]
                  }
                ]
              }
            },
            {
              "type": "group",
              "header": "Library",
              "dock": "left",
              "margin": "0,0,3,0",
              "content": {
                "type": "array",
                "orientation": "horizontal",
                "margin": "0,0",
                "content": [
                  {
                    "type": "itemgrid",
                    "item_margin": "3,3",
                    "v_alignment": "top",
                    "item_size": 32,
                    "rows": [
                      [ "ifrit" ],
                      [ "byblos" ]
                    ]
                  }
                ]
              }
            },
	    {
              "type": "group",
              "header": "Meteor",
              "dock": "left",
              "margin": "0,0,3,0",
              "content": {
                "type": "array",
                "orientation": "horizontal",
                "margin": "0,0",
                "content": [
                  {
                    "type": "itemgrid",
                    "item_margin": "3,3",
                    "v_alignment": "top",
                    "item_size": 32,
                    "rows": [
                      [ "adamant" ],
                      [ "chimbrain" ],
                      [ "titan" ],
                      [ "puroboros" ]
                    ]
                  }
                ]
              }
            },
            {
              "type": "group",
              "header": "Aerial",
              "dock": "left",
              "margin": "0,0,3,0",
              "content": {
                "type": "array",
                "orientation": "horizontal",
                "margin": "0,0",
                "content": [
                  {
                    "type": "itemgrid",
                    "item_margin": "3,3",
                    "v_alignment": "top",
                    "item_size": 32,
                    "rows": [
                      [ "crayclaw" ],
                      [ "solcannon" ],
                      [ "archaeavis" ]
                    ]
                  }
                ]
              }
            },
            {
              "type": "group",
              "header": "Desert",
              "dock": "left",
              "margin": "0,0,3,0",
              "content": {
                "type": "array",
                "orientation": "horizontal",
                "margin": "0,0",
                "content": [
                  {
                    "type": "itemgrid",
                    "item_margin": "3,3",
                    "v_alignment": "top",
                    "item_size": 32,
                    "rows": [
                      [ "sandworm" ],
                      [ "merugene" ]
                    ]
                  }
                ]
              }
            },
	    {
              "type": "group",
              "header": "Burning",
              "dock": "left",
              "margin": "0,0,3,0",
              "content": {
                "type": "array",
                "orientation": "horizontal",
                "margin": "0,0",
                "content": [
                  {
                    "type": "itemgrid",
                    "item_margin": "3,3",
                    "v_alignment": "top",
                    "item_size": 32,
                    "rows": [
                      [ "ironclaw" ],
                      [ "guardian" ]
                    ]
                  }
                ]
              }
            },
            {
              "type": "group",
              "header": "Cave",
              "dock": "left",
              "margin": "0,0,3,0",
              "content": {
                "type": "array",
                "orientation": "horizontal",
                "margin": "0,0",
                "content": [
                  {
                    "type": "itemgrid",
                    "item_margin": "3,3",
                    "v_alignment": "top",
                    "item_size": 32,
                    "rows": [
                      [ "tyrasaurus" ],
                      [ "antlion"],
                      [ "odin" ]
                    ]
                  }
                ]
              }
            },
            {
              "type": "group",
              "header": "Bridge",
              "dock": "left",
              "margin": "0,0,3,0",
              "content": {
                "type": "array",
                "orientation": "horizontal",
                "margin": "0,0",
                "content": [
                  {
                    "type": "itemgrid",
                    "item_margin": "3,3",
                    "v_alignment": "top",
                    "item_size": 32,
                    "rows": [
                      [ "gilga2" ],
                      [ "stalker" ]
                    ]
                  }
                ]
              }
            },
	    {
              "type": "group",
              "header": "Water",
              "dock": "left",
              "margin": "0,0,3,0",
              "content": {
                "type": "array",
                "orientation": "horizontal",
                "margin": "0,0",
                "content": [
                  {
                    "type": "itemgrid",
                    "item_margin": "3,3",
                    "v_alignment": "top",
                    "item_size": 32,
                    "rows": [
                      [ "triton" ],
                      [ "leviathan" ],
                      [ "gogo"]
                    ]
                  }
                ]
              }
            },
	    {
              "type": "group",
              "header": "Misc.",
              "dock": "left",
              "margin": "0,0,3,0",
              "content": {
                "type": "array",
                "orientation": "horizontal",
                "margin": "0,0",
                "content": [
                  {
                    "type": "itemgrid",
                    "item_margin": "3,3",
                    "v_alignment": "top",
                    "item_size": 32,
                    "rows": [
                      [ "wingraptor" ],
                      [ "exdeath" ],
                      [ "w2open" ],
                      [ "w3open" ]
                    ]
                  }
                ]
              }
            }
          ]
        }
      ]
    }
  }
}
